{
    "GCN": {
        "roc_auc_mean": 0.8429272556138228,
        "roc_auc_std": 0.0063166083801993855,
        "f1_mean": 0.7303798113005074,
        "f1_std": 0.013722200800598997
    },
    "SAGE": {
        "roc_auc_mean": 0.7834745192954148,
        "roc_auc_std": 0.051238779510928596,
        "f1_mean": 0.6319019567875235,
        "f1_std": 0.12461423516194318
    },
    "GAT": {
        "roc_auc_mean": 0.841864999327686,
        "roc_auc_std": 0.012020571977589186,
        "f1_mean": 0.7405363411362134,
        "f1_std": 0.017844543824376547
    }
}