model,accuracy,balanced_acc,precision,recall,specificity,f1,mcc,kappa,roc_auc,avg_precision,tp,tn,fp,fn,n_params,ms_per_sample
GCN,0.726531,0.740722,0.642857,0.891892,0.589552,0.747170,0.495997,0.465953,0.853637,0.808807,99,79,55,12,23809,0.497067
SAGE,0.759184,0.769026,0.683099,0.873874,0.664179,0.766798,0.542595,0.525459,0.851419,0.802791,97,89,45,14,65885,0.286553
GAT,0.779592,0.772220,0.793814,0.693694,0.850746,0.740385,0.554175,0.550398,0.864529,0.827939,77,114,20,34,40257,0.479649
